layer,character,UMAP1,UMAP2,cluster,cluster_mcs50,organ_label,organ_name,reads,motif_family
capillary,STFHQKL,0.22795469,6.084847,20,20.0,35,dorsal_root_ganglion,597,STFHQ_family
capillary,STLHQEL,0.14980522,6.0379343,20,20.0,31,appendix,51,STLHQ_family
capillary,STLHQKF,0.06979468,6.1438932,20,20.0,12,thyroid,28,STLHQ_family
capillary,STLHQKL,-0.8127034,5.850598,19,19.0,12,thyroid,15061,STLHQ_family
capillary,STLHQKS,0.100266315,6.089731,20,20.0,36,testis,178,STLHQ_family
capillary,STLHQRL,0.09823842,6.1534734,20,20.0,19,liver,41,STLHQ_family
parenchyma,STFHQKL,4.6644716,11.359691,131,,18a,adrenal_gland_zona_glomerulosa,8,STFHQ_family
parenchyma,STFHQKL,4.6644716,11.359691,131,,18b,adrenal_gland_zona_reticularis,10,STFHQ_family
parenchyma,STFHQKL,4.6644716,11.359691,131,,18c,adrenal_gland_zona_fasciculata,4,STFHQ_family
parenchyma,STFHQKL,4.6644716,11.359691,131,,25b,appendix_mucosa_epithelial_cells,32,STFHQ_family
parenchyma,STFHQKL,4.6644716,11.359691,131,,25d,appendix_lymph_nodes,1,STFHQ_family
parenchyma,STFHQKL,4.6644716,11.359691,131,,1d,cerebrum_sn_neuron,7,STFHQ_family
parenchyma,STFHQKL,4.6644716,11.359691,131,,1e,cerebrum_pvn_neuron,17,STFHQ_family
parenchyma,STFHQKL,4.6644716,11.359691,131,,3j,cerebellum_4_5cb_medulla,1,STFHQ_family
parenchyma,STFHQKL,4.6644716,11.359691,131,,3l,cerebellum_cortex_total,3,STFHQ_family
parenchyma,STFHQKL,4.6644716,11.359691,131,,3g,cerebellum_purkinje_cells,1,STFHQ_family
parenchyma,STFHQKL,4.6644716,11.359691,131,,3n,cerebellum_medulla_total,4,STFHQ_family
parenchyma,STFHQKL,4.6644716,11.359691,131,,24b,colon_mucosa_epithelial_cells,21,STFHQ_family
parenchyma,STFHQKL,4.6644716,11.359691,131,,17c,kidney_tubular epithelial cells,3,STFHQ_family
parenchyma,STFHQKL,4.6644716,11.359691,131,,13a,liver_around_hepatocytes,18,STFHQ_family
parenchyma,STFHQKL,4.6644716,11.359691,131,,13b,liver_bile_ductal_cells,46,STFHQ_family
parenchyma,STFHQKL,4.6644716,11.359691,131,,13e,liver_kupffer_cells,7,STFHQ_family
parenchyma,STFHQKL,4.6644716,11.359691,131,,8c,lung_tracheal_epithelial_cells,10,STFHQ_family
parenchyma,STFHQKL,4.6644716,11.359691,131,,8f,lung_alveolar type 2 cells,4,STFHQ_family
parenchyma,STFHQKL,4.6644716,11.359691,131,,16b,pancreas_endocrine_cells,8,STFHQ_family
parenchyma,STFHQKL,4.6644716,11.359691,131,,2a,anterior_pituitary_gland,20,STFHQ_family
parenchyma,STFHQKL,4.6644716,11.359691,131,,32b,prostate_stromal_cells,1,STFHQ_family
parenchyma,STFHQKL,4.6644716,11.359691,131,,32c,prostate_gland_cells,6,STFHQ_family
parenchyma,STFHQKL,4.6644716,11.359691,131,,32d,prostate_smooth_muscle_cells,2,STFHQ_family
parenchyma,STFHQKL,4.6644716,11.359691,131,,6c,salivary_gland_serous_cells,5,STFHQ_family
parenchyma,STFHQKL,4.6644716,11.359691,131,,26a,skin_adipocytes,6,STFHQ_family
parenchyma,STFHQKL,4.6644716,11.359691,131,,15a,spleen_white_pulp,25,STFHQ_family
parenchyma,STFHQKL,4.6644716,11.359691,131,,15c,spleen_red_pulp,49,STFHQ_family
parenchyma,STFHQKL,4.6644716,11.359691,131,,31a,testis_interstitial_cells_1,5,STFHQ_family
parenchyma,STFHQKL,4.6644716,11.359691,131,,10b,thymus_dendritic_cells,3,STFHQ_family
parenchyma,STFHQKL,4.6644716,11.359691,131,,10d,thymus_lymphoid_cells,9,STFHQ_family
parenchyma,STFHQKL,4.6644716,11.359691,131,,10e,thymus_macrophages,14,STFHQ_family
parenchyma,STFHQKL,4.6644716,11.359691,131,,19c,ureter_smooth_muscle_cells,1,STFHQ_family
parenchyma,STLHQEL,4.3596697,11.060765,131,,18a,adrenal_gland_zona_glomerulosa,31,STLHQ_family
parenchyma,STLHQEL,4.3596697,11.060765,131,,18b,adrenal_gland_zona_reticularis,27,STLHQ_family
parenchyma,STLHQEL,4.3596697,11.060765,131,,18c,adrenal_gland_zona_fasciculata,23,STLHQ_family
parenchyma,STLHQEL,4.3596697,11.060765,131,,25b,appendix_mucosa_epithelial_cells,61,STLHQ_family
parenchyma,STLHQEL,4.3596697,11.060765,131,,25d,appendix_lymph_nodes,24,STLHQ_family
parenchyma,STLHQEL,4.3596697,11.060765,131,,1d,cerebrum_sn_neuron,36,STLHQ_family
parenchyma,STLHQEL,4.3596697,11.060765,131,,1e,cerebrum_pvn_neuron,63,STLHQ_family
parenchyma,STLHQEL,4.3596697,11.060765,131,,3h,cerebellum_2cb_medulla,2,STLHQ_family
parenchyma,STLHQEL,4.3596697,11.060765,131,,3j,cerebellum_4_5cb_medulla,7,STLHQ_family
parenchyma,STLHQEL,4.3596697,11.060765,131,,3l,cerebellum_cortex_total,25,STLHQ_family
parenchyma,STLHQEL,4.3596697,11.060765,131,,3g,cerebellum_purkinje_cells,27,STLHQ_family
parenchyma,STLHQEL,4.3596697,11.060765,131,,3n,cerebellum_medulla_total,530,STLHQ_family
parenchyma,STLHQEL,4.3596697,11.060765,131,,24b,colon_mucosa_epithelial_cells,187,STLHQ_family
parenchyma,STLHQEL,4.3596697,11.060765,131,,17c,kidney_tubular epithelial cells,26,STLHQ_family
parenchyma,STLHQEL,4.3596697,11.060765,131,,13a,liver_around_hepatocytes,51,STLHQ_family
parenchyma,STLHQEL,4.3596697,11.060765,131,,13b,liver_bile_ductal_cells,37,STLHQ_family
parenchyma,STLHQEL,4.3596697,11.060765,131,,13c,liver_hepatocytes,4,STLHQ_family
parenchyma,STLHQEL,4.3596697,11.060765,131,,13d,liver_capsule,13,STLHQ_family
parenchyma,STLHQEL,4.3596697,11.060765,131,,13e,liver_kupffer_cells,64,STLHQ_family
parenchyma,STLHQEL,4.3596697,11.060765,131,,8c,lung_tracheal_epithelial_cells,35,STLHQ_family
parenchyma,STLHQEL,4.3596697,11.060765,131,,8f,lung_alveolar type 2 cells,25,STLHQ_family
parenchyma,STLHQEL,4.3596697,11.060765,131,,34a,ovary_oocytes,1,STLHQ_family
parenchyma,STLHQEL,4.3596697,11.060765,131,,16b,pancreas_endocrine_cells,35,STLHQ_family
parenchyma,STLHQEL,4.3596697,11.060765,131,,2a,anterior_pituitary_gland,77,STLHQ_family
parenchyma,STLHQEL,4.3596697,11.060765,131,,2b,posterior_pituitary_gland,5,STLHQ_family
parenchyma,STLHQEL,4.3596697,11.060765,131,,32b,prostate_stromal_cells,4,STLHQ_family
parenchyma,STLHQEL,4.3596697,11.060765,131,,32c,prostate_gland_cells,3471,STLHQ_family
parenchyma,STLHQEL,4.3596697,11.060765,131,,32d,prostate_smooth_muscle_cells,13,STLHQ_family
parenchyma,STLHQEL,4.3596697,11.060765,131,,6c,salivary_gland_serous_cells,17,STLHQ_family
parenchyma,STLHQEL,4.3596697,11.060765,131,,26a,skin_adipocytes,24,STLHQ_family
parenchyma,STLHQEL,4.3596697,11.060765,131,,15a,spleen_white_pulp,117,STLHQ_family
parenchyma,STLHQEL,4.3596697,11.060765,131,,15b,spleen_tubular_endothelial_cells_around_red_pulp,1,STLHQ_family
parenchyma,STLHQEL,4.3596697,11.060765,131,,15c,spleen_red_pulp,144,STLHQ_family
parenchyma,STLHQEL,4.3596697,11.060765,131,,22a,stomach_icc,1,STLHQ_family
parenchyma,STLHQEL,4.3596697,11.060765,131,,31a,testis_interstitial_cells_1,27,STLHQ_family
parenchyma,STLHQEL,4.3596697,11.060765,131,,10b,thymus_dendritic_cells,8,STLHQ_family
parenchyma,STLHQEL,4.3596697,11.060765,131,,10d,thymus_lymphoid_cells,99,STLHQ_family
parenchyma,STLHQEL,4.3596697,11.060765,131,,10e,thymus_macrophages,51,STLHQ_family
parenchyma,STLHQEL,4.3596697,11.060765,131,,19a,ureter_adventitial_cells,3,STLHQ_family
parenchyma,STLHQEL,4.3596697,11.060765,131,,19b,ureter_transitional_epithelial_cells,7,STLHQ_family
parenchyma,STLHQEL,4.3596697,11.060765,131,,19c,ureter_smooth_muscle_cells,5,STLHQ_family
parenchyma,STLHQEL,4.3596697,11.060765,131,,33a,uterus_endometrial_epithelial_cells,1,STLHQ_family
parenchyma,STLHQKF,4.707484,11.5700245,131,,18a,adrenal_gland_zona_glomerulosa,24,STLHQ_family
parenchyma,STLHQKF,4.707484,11.5700245,131,,18b,adrenal_gland_zona_reticularis,19,STLHQ_family
parenchyma,STLHQKF,4.707484,11.5700245,131,,18c,adrenal_gland_zona_fasciculata,9,STLHQ_family
parenchyma,STLHQKF,4.707484,11.5700245,131,,25b,appendix_mucosa_epithelial_cells,59,STLHQ_family
parenchyma,STLHQKF,4.707484,11.5700245,131,,25d,appendix_lymph_nodes,6,STLHQ_family
parenchyma,STLHQKF,4.707484,11.5700245,131,,1d,cerebrum_sn_neuron,32,STLHQ_family
parenchyma,STLHQKF,4.707484,11.5700245,131,,1e,cerebrum_pvn_neuron,26,STLHQ_family
parenchyma,STLHQKF,4.707484,11.5700245,131,,3j,cerebellum_4_5cb_medulla,6,STLHQ_family
parenchyma,STLHQKF,4.707484,11.5700245,131,,3d,cerebellum_fi_cortex,1,STLHQ_family
parenchyma,STLHQKF,4.707484,11.5700245,131,,3l,cerebellum_cortex_total,13,STLHQ_family
parenchyma,STLHQKF,4.707484,11.5700245,131,,3g,cerebellum_purkinje_cells,10,STLHQ_family
parenchyma,STLHQKF,4.707484,11.5700245,131,,3n,cerebellum_medulla_total,5,STLHQ_family
parenchyma,STLHQKF,4.707484,11.5700245,131,,24b,colon_mucosa_epithelial_cells,53,STLHQ_family
parenchyma,STLHQKF,4.707484,11.5700245,131,,17c,kidney_tubular epithelial cells,15,STLHQ_family
parenchyma,STLHQKF,4.707484,11.5700245,131,,13a,liver_around_hepatocytes,40,STLHQ_family
parenchyma,STLHQKF,4.707484,11.5700245,131,,13b,liver_bile_ductal_cells,9,STLHQ_family
parenchyma,STLHQKF,4.707484,11.5700245,131,,13c,liver_hepatocytes,3,STLHQ_family
parenchyma,STLHQKF,4.707484,11.5700245,131,,13d,liver_capsule,3,STLHQ_family
parenchyma,STLHQKF,4.707484,11.5700245,131,,13e,liver_kupffer_cells,34,STLHQ_family
parenchyma,STLHQKF,4.707484,11.5700245,131,,8c,lung_tracheal_epithelial_cells,16,STLHQ_family
parenchyma,STLHQKF,4.707484,11.5700245,131,,8e,lung_alveolar type1 cells,1,STLHQ_family
parenchyma,STLHQKF,4.707484,11.5700245,131,,8f,lung_alveolar type 2 cells,31,STLHQ_family
parenchyma,STLHQKF,4.707484,11.5700245,131,,34c,ovary_epithelial_cells,1,STLHQ_family
parenchyma,STLHQKF,4.707484,11.5700245,131,,16b,pancreas_endocrine_cells,17,STLHQ_family
parenchyma,STLHQKF,4.707484,11.5700245,131,,2a,anterior_pituitary_gland,19,STLHQ_family
parenchyma,STLHQKF,4.707484,11.5700245,131,,2b,posterior_pituitary_gland,1,STLHQ_family
parenchyma,STLHQKF,4.707484,11.5700245,131,,32b,prostate_stromal_cells,3,STLHQ_family
parenchyma,STLHQKF,4.707484,11.5700245,131,,32c,prostate_gland_cells,13,STLHQ_family
parenchyma,STLHQKF,4.707484,11.5700245,131,,32d,prostate_smooth_muscle_cells,10,STLHQ_family
parenchyma,STLHQKF,4.707484,11.5700245,131,,6c,salivary_gland_serous_cells,5,STLHQ_family
parenchyma,STLHQKF,4.707484,11.5700245,131,,26a,skin_adipocytes,14,STLHQ_family
parenchyma,STLHQKF,4.707484,11.5700245,131,,15a,spleen_white_pulp,69,STLHQ_family
parenchyma,STLHQKF,4.707484,11.5700245,131,,15c,spleen_red_pulp,73,STLHQ_family
parenchyma,STLHQKF,4.707484,11.5700245,131,,22a,stomach_icc,1,STLHQ_family
parenchyma,STLHQKF,4.707484,11.5700245,131,,31a,testis_interstitial_cells_1,15,STLHQ_family
parenchyma,STLHQKF,4.707484,11.5700245,131,,10b,thymus_dendritic_cells,10,STLHQ_family
parenchyma,STLHQKF,4.707484,11.5700245,131,,10d,thymus_lymphoid_cells,23,STLHQ_family
parenchyma,STLHQKF,4.707484,11.5700245,131,,10e,thymus_macrophages,45,STLHQ_family
parenchyma,STLHQKF,4.707484,11.5700245,131,,19a,ureter_adventitial_cells,1,STLHQ_family
parenchyma,STLHQKF,4.707484,11.5700245,131,,19b,ureter_transitional_epithelial_cells,2,STLHQ_family
parenchyma,STLHQKF,4.707484,11.5700245,131,,19c,ureter_smooth_muscle_cells,1,STLHQ_family
parenchyma,STLHQKF,4.707484,11.5700245,131,,20b,urinary_bladder_smooth_muscle_cells,1,STLHQ_family
parenchyma,STLHQKL,4.872395,11.27952,131,,18a,adrenal_gland_zona_glomerulosa,12716,STLHQ_family
parenchyma,STLHQKL,4.872395,11.27952,131,,18b,adrenal_gland_zona_reticularis,11106,STLHQ_family
parenchyma,STLHQKL,4.872395,11.27952,131,,18c,adrenal_gland_zona_fasciculata,6520,STLHQ_family
parenchyma,STLHQKL,4.872395,11.27952,131,,11a,aorta_smooth_muscle_cells,8,STLHQ_family
parenchyma,STLHQKL,4.872395,11.27952,131,,25a,appendix_icc,16,STLHQ_family
parenchyma,STLHQKL,4.872395,11.27952,131,,25b,appendix_mucosa_epithelial_cells,23126,STLHQ_family
parenchyma,STLHQKL,4.872395,11.27952,131,,25d,appendix_lymph_nodes,5665,STLHQ_family
parenchyma,STLHQKL,4.872395,11.27952,131,,25d.1,,2,STLHQ_family
parenchyma,STLHQKL,4.872395,11.27952,131,,1d,cerebrum_sn_neuron,13571,STLHQ_family
parenchyma,STLHQKL,4.872395,11.27952,131,,1e,cerebrum_pvn_neuron,14535,STLHQ_family
parenchyma,STLHQKL,4.872395,11.27952,131,,3a,cerebellum_2cb_cortex,16,STLHQ_family
parenchyma,STLHQKL,4.872395,11.27952,131,,3h,cerebellum_2cb_medulla,320,STLHQ_family
parenchyma,STLHQKL,4.872395,11.27952,131,,3b,cerebellum_3cb_cortex,20,STLHQ_family
parenchyma,STLHQKL,4.872395,11.27952,131,,3c,cerebellum_4_5cb_cortex,17,STLHQ_family
parenchyma,STLHQKL,4.872395,11.27952,131,,3j,cerebellum_4_5cb_medulla,2522,STLHQ_family
parenchyma,STLHQKL,4.872395,11.27952,131,,3d,cerebellum_fi_cortex,66,STLHQ_family
parenchyma,STLHQKL,4.872395,11.27952,131,,3k,cerebellum_fi_medulla,1,STLHQ_family
parenchyma,STLHQKL,4.872395,11.27952,131,,3l,cerebellum_cortex_total,8850,STLHQ_family
parenchyma,STLHQKL,4.872395,11.27952,131,,3f,cerebellum_sim_cortex,25,STLHQ_family
parenchyma,STLHQKL,4.872395,11.27952,131,,3m,cerebellum_sim_medulla,1,STLHQ_family
parenchyma,STLHQKL,4.872395,11.27952,131,,3g,cerebellum_purkinje_cells,5660,STLHQ_family
parenchyma,STLHQKL,4.872395,11.27952,131,,3n,cerebellum_medulla_total,3291,STLHQ_family
parenchyma,STLHQKL,4.872395,11.27952,131,,24a,colon_icc,3,STLHQ_family
parenchyma,STLHQKL,4.872395,11.27952,131,,24b,colon_mucosa_epithelial_cells,29121,STLHQ_family
parenchyma,STLHQKL,4.872395,11.27952,131,,24c,colon_smooth_muscle_cells,6,STLHQ_family
parenchyma,STLHQKL,4.872395,11.27952,131,,14b,gallbladder_smooth_muscle_cells,515,STLHQ_family
parenchyma,STLHQKL,4.872395,11.27952,131,,12a,heart_coronary_artery_endothelial_cells,334,STLHQ_family
parenchyma,STLHQKL,4.872395,11.27952,131,,12b,heart_pulmonary_artery_endothelial_cells,1,STLHQ_family
parenchyma,STLHQKL,4.872395,11.27952,131,,12c,heart_endothelial_cells,40,STLHQ_family
parenchyma,STLHQKL,4.872395,11.27952,131,,17a,kidney_glomerular_cells,15,STLHQ_family
parenchyma,STLHQKL,4.872395,11.27952,131,,17b,kidney_glomerular_mesangial_cells,4,STLHQ_family
parenchyma,STLHQKL,4.872395,11.27952,131,,17c,kidney_tubular epithelial cells,5569,STLHQ_family
parenchyma,STLHQKL,4.872395,11.27952,131,,13a,liver_around_hepatocytes,18002,STLHQ_family
parenchyma,STLHQKL,4.872395,11.27952,131,,13b,liver_bile_ductal_cells,5808,STLHQ_family
parenchyma,STLHQKL,4.872395,11.27952,131,,13c,liver_hepatocytes,2155,STLHQ_family
parenchyma,STLHQKL,4.872395,11.27952,131,,13d,liver_capsule,6414,STLHQ_family
parenchyma,STLHQKL,4.872395,11.27952,131,,13e,liver_kupffer_cells,17877,STLHQ_family
parenchyma,STLHQKL,4.872395,11.27952,131,,8a,lung_club_cells,6,STLHQ_family
parenchyma,STLHQKL,4.872395,11.27952,131,,8c,lung_tracheal_epithelial_cells,6184,STLHQ_family
parenchyma,STLHQKL,4.872395,11.27952,131,,8e,lung_alveolar type1 cells,6,STLHQ_family
parenchyma,STLHQKL,4.872395,11.27952,131,,8f,lung_alveolar type 2 cells,10663,STLHQ_family
parenchyma,STLHQKL,4.872395,11.27952,131,,34a,ovary_oocytes,466,STLHQ_family
parenchyma,STLHQKL,4.872395,11.27952,131,,34b,ovary_luteal_cells,79,STLHQ_family
parenchyma,STLHQKL,4.872395,11.27952,131,,34c,ovary_epithelial_cells,263,STLHQ_family
parenchyma,STLHQKL,4.872395,11.27952,131,,16b,pancreas_endocrine_cells,11392,STLHQ_family
parenchyma,STLHQKL,4.872395,11.27952,131,,2a,anterior_pituitary_gland,20199,STLHQ_family
parenchyma,STLHQKL,4.872395,11.27952,131,,2b,posterior_pituitary_gland,662,STLHQ_family
parenchyma,STLHQKL,4.872395,11.27952,131,,32a,prostate_epithelial_cells,56,STLHQ_family
parenchyma,STLHQKL,4.872395,11.27952,131,,32b,prostate_stromal_cells,3204,STLHQ_family
parenchyma,STLHQKL,4.872395,11.27952,131,,32c,prostate_gland_cells,7507,STLHQ_family
parenchyma,STLHQKL,4.872395,11.27952,131,,32d,prostate_smooth_muscle_cells,4644,STLHQ_family
parenchyma,STLHQKL,4.872395,11.27952,131,,6a,salivary_gland_duct_cells,3,STLHQ_family
parenchyma,STLHQKL,4.872395,11.27952,131,,6c,salivary_gland_serous_cells,7212,STLHQ_family
parenchyma,STLHQKL,4.872395,11.27952,131,,26a,skin_adipocytes,7992,STLHQ_family
parenchyma,STLHQKL,4.872395,11.27952,131,,26c,skin_epithelial_cells,3,STLHQ_family
parenchyma,STLHQKL,4.872395,11.27952,131,,26d,skin_hair_root_cells,2,STLHQ_family
parenchyma,STLHQKL,4.872395,11.27952,131,,26e,skin_sebocytes,6,STLHQ_family
parenchyma,STLHQKL,4.872395,11.27952,131,,23a,small_intestine_icc,5,STLHQ_family
parenchyma,STLHQKL,4.872395,11.27952,131,,23c,small_intestine_smooth_muscle_cells,29,STLHQ_family
parenchyma,STLHQKL,4.872395,11.27952,131,,30a,spinal_cord_drg_neuron_total,8,STLHQ_family
parenchyma,STLHQKL,4.872395,11.27952,131,,30b,spinal_cord_drg,1,STLHQ_family
parenchyma,STLHQKL,4.872395,11.27952,131,,15a,spleen_white_pulp,36799,STLHQ_family
parenchyma,STLHQKL,4.872395,11.27952,131,,15b,spleen_tubular_endothelial_cells_around_red_pulp,446,STLHQ_family
parenchyma,STLHQKL,4.872395,11.27952,131,,15c,spleen_red_pulp,45450,STLHQ_family
parenchyma,STLHQKL,4.872395,11.27952,131,,22a,stomach_icc,556,STLHQ_family
parenchyma,STLHQKL,4.872395,11.27952,131,,31a,testis_interstitial_cells_1,8941,STLHQ_family
parenchyma,STLHQKL,4.872395,11.27952,131,,31d,testis_sertoli_cells,7,STLHQ_family
parenchyma,STLHQKL,4.872395,11.27952,131,,10b,thymus_dendritic_cells,4257,STLHQ_family
parenchyma,STLHQKL,4.872395,11.27952,131,,10c,thymus_epithelial_cells,5,STLHQ_family
parenchyma,STLHQKL,4.872395,11.27952,131,,10d,thymus_lymphoid_cells,14538,STLHQ_family
parenchyma,STLHQKL,4.872395,11.27952,131,,10e,thymus_macrophages,23859,STLHQ_family
parenchyma,STLHQKL,4.872395,11.27952,131,,7b,thyroid_follicular_cells,4,STLHQ_family
parenchyma,STLHQKL,4.872395,11.27952,131,,7c,thyroid_gland_parafollicular_cells,7,STLHQ_family
parenchyma,STLHQKL,4.872395,11.27952,131,,9a,trachea_chondrocyte,4,STLHQ_family
parenchyma,STLHQKL,4.872395,11.27952,131,,19a,ureter_adventitial_cells,979,STLHQ_family
parenchyma,STLHQKL,4.872395,11.27952,131,,19b,ureter_transitional_epithelial_cells,1100,STLHQ_family
parenchyma,STLHQKL,4.872395,11.27952,131,,19c,ureter_smooth_muscle_cells,903,STLHQ_family
parenchyma,STLHQKL,4.872395,11.27952,131,,20a,urinary_bladder_transitional_epithelial_cells,85,STLHQ_family
parenchyma,STLHQKL,4.872395,11.27952,131,,20b,urinary_bladder_smooth_muscle_cells,125,STLHQ_family
parenchyma,STLHQKL,4.872395,11.27952,131,,33a,uterus_endometrial_epithelial_cells,42,STLHQ_family
parenchyma,STLHQKL,4.872395,11.27952,131,,33b,uterus_smooth_muscle_cells,31,STLHQ_family
parenchyma,STLHQKM,4.484729,11.534641,131,,18a,adrenal_gland_zona_glomerulosa,6,STLHQ_family
parenchyma,STLHQKM,4.484729,11.534641,131,,18b,adrenal_gland_zona_reticularis,14,STLHQ_family
parenchyma,STLHQKM,4.484729,11.534641,131,,18c,adrenal_gland_zona_fasciculata,4,STLHQ_family
parenchyma,STLHQKM,4.484729,11.534641,131,,25b,appendix_mucosa_epithelial_cells,29,STLHQ_family
parenchyma,STLHQKM,4.484729,11.534641,131,,25d,appendix_lymph_nodes,3,STLHQ_family
parenchyma,STLHQKM,4.484729,11.534641,131,,1d,cerebrum_sn_neuron,13,STLHQ_family
parenchyma,STLHQKM,4.484729,11.534641,131,,1e,cerebrum_pvn_neuron,8,STLHQ_family
parenchyma,STLHQKM,4.484729,11.534641,131,,3j,cerebellum_4_5cb_medulla,1,STLHQ_family
parenchyma,STLHQKM,4.484729,11.534641,131,,3l,cerebellum_cortex_total,9,STLHQ_family
parenchyma,STLHQKM,4.484729,11.534641,131,,3g,cerebellum_purkinje_cells,3,STLHQ_family
parenchyma,STLHQKM,4.484729,11.534641,131,,3n,cerebellum_medulla_total,3,STLHQ_family
parenchyma,STLHQKM,4.484729,11.534641,131,,24b,colon_mucosa_epithelial_cells,28,STLHQ_family
parenchyma,STLHQKM,4.484729,11.534641,131,,17c,kidney_tubular epithelial cells,4,STLHQ_family
parenchyma,STLHQKM,4.484729,11.534641,131,,13a,liver_around_hepatocytes,13,STLHQ_family
parenchyma,STLHQKM,4.484729,11.534641,131,,13b,liver_bile_ductal_cells,2,STLHQ_family
parenchyma,STLHQKM,4.484729,11.534641,131,,13c,liver_hepatocytes,1,STLHQ_family
parenchyma,STLHQKM,4.484729,11.534641,131,,13d,liver_capsule,6,STLHQ_family
parenchyma,STLHQKM,4.484729,11.534641,131,,13e,liver_kupffer_cells,17,STLHQ_family
parenchyma,STLHQKM,4.484729,11.534641,131,,8c,lung_tracheal_epithelial_cells,5,STLHQ_family
parenchyma,STLHQKM,4.484729,11.534641,131,,8f,lung_alveolar type 2 cells,4,STLHQ_family
parenchyma,STLHQKM,4.484729,11.534641,131,,34a,ovary_oocytes,1,STLHQ_family
parenchyma,STLHQKM,4.484729,11.534641,131,,16b,pancreas_endocrine_cells,6,STLHQ_family
parenchyma,STLHQKM,4.484729,11.534641,131,,2a,anterior_pituitary_gland,26,STLHQ_family
parenchyma,STLHQKM,4.484729,11.534641,131,,32b,prostate_stromal_cells,5,STLHQ_family
parenchyma,STLHQKM,4.484729,11.534641,131,,32c,prostate_gland_cells,4,STLHQ_family
parenchyma,STLHQKM,4.484729,11.534641,131,,32d,prostate_smooth_muscle_cells,4,STLHQ_family
parenchyma,STLHQKM,4.484729,11.534641,131,,6c,salivary_gland_serous_cells,6,STLHQ_family
parenchyma,STLHQKM,4.484729,11.534641,131,,26a,skin_adipocytes,6,STLHQ_family
parenchyma,STLHQKM,4.484729,11.534641,131,,15a,spleen_white_pulp,49,STLHQ_family
parenchyma,STLHQKM,4.484729,11.534641,131,,15c,spleen_red_pulp,45,STLHQ_family
parenchyma,STLHQKM,4.484729,11.534641,131,,31a,testis_interstitial_cells_1,7,STLHQ_family
parenchyma,STLHQKM,4.484729,11.534641,131,,10b,thymus_dendritic_cells,3,STLHQ_family
parenchyma,STLHQKM,4.484729,11.534641,131,,10d,thymus_lymphoid_cells,6,STLHQ_family
parenchyma,STLHQKM,4.484729,11.534641,131,,10e,thymus_macrophages,13,STLHQ_family
parenchyma,STLHQKM,4.484729,11.534641,131,,19b,ureter_transitional_epithelial_cells,8,STLHQ_family
parenchyma,STLHQKM,4.484729,11.534641,131,,19c,ureter_smooth_muscle_cells,1,STLHQ_family
parenchyma,STLHQKS,4.5614905,11.602654,131,,18a,adrenal_gland_zona_glomerulosa,38,STLHQ_family
parenchyma,STLHQKS,4.5614905,11.602654,131,,18b,adrenal_gland_zona_reticularis,29,STLHQ_family
parenchyma,STLHQKS,4.5614905,11.602654,131,,18c,adrenal_gland_zona_fasciculata,16,STLHQ_family
parenchyma,STLHQKS,4.5614905,11.602654,131,,25b,appendix_mucosa_epithelial_cells,85,STLHQ_family
parenchyma,STLHQKS,4.5614905,11.602654,131,,25d,appendix_lymph_nodes,17,STLHQ_family
parenchyma,STLHQKS,4.5614905,11.602654,131,,1d,cerebrum_sn_neuron,37,STLHQ_family
parenchyma,STLHQKS,4.5614905,11.602654,131,,1e,cerebrum_pvn_neuron,58,STLHQ_family
parenchyma,STLHQKS,4.5614905,11.602654,131,,3h,cerebellum_2cb_medulla,1,STLHQ_family
parenchyma,STLHQKS,4.5614905,11.602654,131,,3j,cerebellum_4_5cb_medulla,2,STLHQ_family
parenchyma,STLHQKS,4.5614905,11.602654,131,,3l,cerebellum_cortex_total,41,STLHQ_family
parenchyma,STLHQKS,4.5614905,11.602654,131,,3g,cerebellum_purkinje_cells,14,STLHQ_family
parenchyma,STLHQKS,4.5614905,11.602654,131,,3n,cerebellum_medulla_total,5,STLHQ_family
parenchyma,STLHQKS,4.5614905,11.602654,131,,24b,colon_mucosa_epithelial_cells,93,STLHQ_family
parenchyma,STLHQKS,4.5614905,11.602654,131,,14b,gallbladder_smooth_muscle_cells,29,STLHQ_family
parenchyma,STLHQKS,4.5614905,11.602654,131,,12a,heart_coronary_artery_endothelial_cells,3,STLHQ_family
parenchyma,STLHQKS,4.5614905,11.602654,131,,17c,kidney_tubular epithelial cells,32,STLHQ_family
parenchyma,STLHQKS,4.5614905,11.602654,131,,13a,liver_around_hepatocytes,77,STLHQ_family
parenchyma,STLHQKS,4.5614905,11.602654,131,,13b,liver_bile_ductal_cells,20,STLHQ_family
parenchyma,STLHQKS,4.5614905,11.602654,131,,13c,liver_hepatocytes,8,STLHQ_family
parenchyma,STLHQKS,4.5614905,11.602654,131,,13d,liver_capsule,18,STLHQ_family
parenchyma,STLHQKS,4.5614905,11.602654,131,,13e,liver_kupffer_cells,36,STLHQ_family
parenchyma,STLHQKS,4.5614905,11.602654,131,,8c,lung_tracheal_epithelial_cells,678,STLHQ_family
parenchyma,STLHQKS,4.5614905,11.602654,131,,8f,lung_alveolar type 2 cells,26,STLHQ_family
parenchyma,STLHQKS,4.5614905,11.602654,131,,34a,ovary_oocytes,1,STLHQ_family
parenchyma,STLHQKS,4.5614905,11.602654,131,,16b,pancreas_endocrine_cells,34,STLHQ_family
parenchyma,STLHQKS,4.5614905,11.602654,131,,2a,anterior_pituitary_gland,84,STLHQ_family
parenchyma,STLHQKS,4.5614905,11.602654,131,,2b,posterior_pituitary_gland,3,STLHQ_family
parenchyma,STLHQKS,4.5614905,11.602654,131,,32b,prostate_stromal_cells,5,STLHQ_family
parenchyma,STLHQKS,4.5614905,11.602654,131,,32c,prostate_gland_cells,19,STLHQ_family
parenchyma,STLHQKS,4.5614905,11.602654,131,,32d,prostate_smooth_muscle_cells,16,STLHQ_family
parenchyma,STLHQKS,4.5614905,11.602654,131,,6c,salivary_gland_serous_cells,18,STLHQ_family
parenchyma,STLHQKS,4.5614905,11.602654,131,,26a,skin_adipocytes,25,STLHQ_family
parenchyma,STLHQKS,4.5614905,11.602654,131,,15a,spleen_white_pulp,149,STLHQ_family
parenchyma,STLHQKS,4.5614905,11.602654,131,,15b,spleen_tubular_endothelial_cells_around_red_pulp,2,STLHQ_family
parenchyma,STLHQKS,4.5614905,11.602654,131,,15c,spleen_red_pulp,174,STLHQ_family
parenchyma,STLHQKS,4.5614905,11.602654,131,,22a,stomach_icc,1,STLHQ_family
parenchyma,STLHQKS,4.5614905,11.602654,131,,31a,testis_interstitial_cells_1,31,STLHQ_family
parenchyma,STLHQKS,4.5614905,11.602654,131,,10b,thymus_dendritic_cells,6,STLHQ_family
parenchyma,STLHQKS,4.5614905,11.602654,131,,10d,thymus_lymphoid_cells,146,STLHQ_family
parenchyma,STLHQKS,4.5614905,11.602654,131,,10e,thymus_macrophages,78,STLHQ_family
parenchyma,STLHQKS,4.5614905,11.602654,131,,19a,ureter_adventitial_cells,1,STLHQ_family
parenchyma,STLHQKS,4.5614905,11.602654,131,,19b,ureter_transitional_epithelial_cells,5,STLHQ_family
parenchyma,STLHQKS,4.5614905,11.602654,131,,19c,ureter_smooth_muscle_cells,5,STLHQ_family
parenchyma,STLHQKV,4.3877435,11.533483,131,,18a,adrenal_gland_zona_glomerulosa,8,STLHQ_family
parenchyma,STLHQKV,4.3877435,11.533483,131,,18b,adrenal_gland_zona_reticularis,6,STLHQ_family
parenchyma,STLHQKV,4.3877435,11.533483,131,,18c,adrenal_gland_zona_fasciculata,4,STLHQ_family
parenchyma,STLHQKV,4.3877435,11.533483,131,,25b,appendix_mucosa_epithelial_cells,16,STLHQ_family
parenchyma,STLHQKV,4.3877435,11.533483,131,,25d,appendix_lymph_nodes,6,STLHQ_family
parenchyma,STLHQKV,4.3877435,11.533483,131,,1d,cerebrum_sn_neuron,13,STLHQ_family
parenchyma,STLHQKV,4.3877435,11.533483,131,,1e,cerebrum_pvn_neuron,11,STLHQ_family
parenchyma,STLHQKV,4.3877435,11.533483,131,,3j,cerebellum_4_5cb_medulla,1,STLHQ_family
parenchyma,STLHQKV,4.3877435,11.533483,131,,3l,cerebellum_cortex_total,11,STLHQ_family
parenchyma,STLHQKV,4.3877435,11.533483,131,,3g,cerebellum_purkinje_cells,4,STLHQ_family
parenchyma,STLHQKV,4.3877435,11.533483,131,,3n,cerebellum_medulla_total,1,STLHQ_family
parenchyma,STLHQKV,4.3877435,11.533483,131,,24b,colon_mucosa_epithelial_cells,19,STLHQ_family
parenchyma,STLHQKV,4.3877435,11.533483,131,,12c,heart_endothelial_cells,1,STLHQ_family
parenchyma,STLHQKV,4.3877435,11.533483,131,,17c,kidney_tubular epithelial cells,2,STLHQ_family
parenchyma,STLHQKV,4.3877435,11.533483,131,,13a,liver_around_hepatocytes,12,STLHQ_family
parenchyma,STLHQKV,4.3877435,11.533483,131,,13b,liver_bile_ductal_cells,1,STLHQ_family
parenchyma,STLHQKV,4.3877435,11.533483,131,,13c,liver_hepatocytes,3,STLHQ_family
parenchyma,STLHQKV,4.3877435,11.533483,131,,13d,liver_capsule,6,STLHQ_family
parenchyma,STLHQKV,4.3877435,11.533483,131,,13e,liver_kupffer_cells,15,STLHQ_family
parenchyma,STLHQKV,4.3877435,11.533483,131,,8c,lung_tracheal_epithelial_cells,6,STLHQ_family
parenchyma,STLHQKV,4.3877435,11.533483,131,,8f,lung_alveolar type 2 cells,3,STLHQ_family
parenchyma,STLHQKV,4.3877435,11.533483,131,,16b,pancreas_endocrine_cells,5,STLHQ_family
parenchyma,STLHQKV,4.3877435,11.533483,131,,2a,anterior_pituitary_gland,6,STLHQ_family
parenchyma,STLHQKV,4.3877435,11.533483,131,,2b,posterior_pituitary_gland,2,STLHQ_family
parenchyma,STLHQKV,4.3877435,11.533483,131,,32b,prostate_stromal_cells,2,STLHQ_family
parenchyma,STLHQKV,4.3877435,11.533483,131,,32c,prostate_gland_cells,2,STLHQ_family
parenchyma,STLHQKV,4.3877435,11.533483,131,,32d,prostate_smooth_muscle_cells,3,STLHQ_family
parenchyma,STLHQKV,4.3877435,11.533483,131,,6c,salivary_gland_serous_cells,10,STLHQ_family
parenchyma,STLHQKV,4.3877435,11.533483,131,,26a,skin_adipocytes,12,STLHQ_family
parenchyma,STLHQKV,4.3877435,11.533483,131,,15a,spleen_white_pulp,35,STLHQ_family
parenchyma,STLHQKV,4.3877435,11.533483,131,,15c,spleen_red_pulp,46,STLHQ_family
parenchyma,STLHQKV,4.3877435,11.533483,131,,22a,stomach_icc,1,STLHQ_family
parenchyma,STLHQKV,4.3877435,11.533483,131,,31a,testis_interstitial_cells_1,8,STLHQ_family
parenchyma,STLHQKV,4.3877435,11.533483,131,,10b,thymus_dendritic_cells,4,STLHQ_family
parenchyma,STLHQKV,4.3877435,11.533483,131,,10d,thymus_lymphoid_cells,7,STLHQ_family
parenchyma,STLHQKV,4.3877435,11.533483,131,,10e,thymus_macrophages,15,STLHQ_family
parenchyma,STLHQML,4.4891644,11.577411,131,,18a,adrenal_gland_zona_glomerulosa,6,STLHQ_family
parenchyma,STLHQML,4.4891644,11.577411,131,,18b,adrenal_gland_zona_reticularis,1,STLHQ_family
parenchyma,STLHQML,4.4891644,11.577411,131,,18c,adrenal_gland_zona_fasciculata,4,STLHQ_family
parenchyma,STLHQML,4.4891644,11.577411,131,,25b,appendix_mucosa_epithelial_cells,15,STLHQ_family
parenchyma,STLHQML,4.4891644,11.577411,131,,25d,appendix_lymph_nodes,2,STLHQ_family
parenchyma,STLHQML,4.4891644,11.577411,131,,1d,cerebrum_sn_neuron,4,STLHQ_family
parenchyma,STLHQML,4.4891644,11.577411,131,,1e,cerebrum_pvn_neuron,6,STLHQ_family
parenchyma,STLHQML,4.4891644,11.577411,131,,3h,cerebellum_2cb_medulla,1,STLHQ_family
parenchyma,STLHQML,4.4891644,11.577411,131,,3j,cerebellum_4_5cb_medulla,3,STLHQ_family
parenchyma,STLHQML,4.4891644,11.577411,131,,3l,cerebellum_cortex_total,4,STLHQ_family
parenchyma,STLHQML,4.4891644,11.577411,131,,3g,cerebellum_purkinje_cells,4,STLHQ_family
parenchyma,STLHQML,4.4891644,11.577411,131,,3n,cerebellum_medulla_total,1,STLHQ_family
parenchyma,STLHQML,4.4891644,11.577411,131,,24b,colon_mucosa_epithelial_cells,9,STLHQ_family
parenchyma,STLHQML,4.4891644,11.577411,131,,12a,heart_coronary_artery_endothelial_cells,1,STLHQ_family
parenchyma,STLHQML,4.4891644,11.577411,131,,17c,kidney_tubular epithelial cells,5,STLHQ_family
parenchyma,STLHQML,4.4891644,11.577411,131,,13a,liver_around_hepatocytes,10,STLHQ_family
parenchyma,STLHQML,4.4891644,11.577411,131,,13b,liver_bile_ductal_cells,1,STLHQ_family
parenchyma,STLHQML,4.4891644,11.577411,131,,13c,liver_hepatocytes,1,STLHQ_family
parenchyma,STLHQML,4.4891644,11.577411,131,,13d,liver_capsule,1,STLHQ_family
parenchyma,STLHQML,4.4891644,11.577411,131,,13e,liver_kupffer_cells,10,STLHQ_family
parenchyma,STLHQML,4.4891644,11.577411,131,,8c,lung_tracheal_epithelial_cells,1,STLHQ_family
parenchyma,STLHQML,4.4891644,11.577411,131,,8f,lung_alveolar type 2 cells,7,STLHQ_family
parenchyma,STLHQML,4.4891644,11.577411,131,,16b,pancreas_endocrine_cells,4,STLHQ_family
parenchyma,STLHQML,4.4891644,11.577411,131,,2a,anterior_pituitary_gland,6,STLHQ_family
parenchyma,STLHQML,4.4891644,11.577411,131,,2b,posterior_pituitary_gland,1,STLHQ_family
parenchyma,STLHQML,4.4891644,11.577411,131,,32b,prostate_stromal_cells,1,STLHQ_family
parenchyma,STLHQML,4.4891644,11.577411,131,,32c,prostate_gland_cells,2,STLHQ_family
parenchyma,STLHQML,4.4891644,11.577411,131,,32d,prostate_smooth_muscle_cells,2,STLHQ_family
parenchyma,STLHQML,4.4891644,11.577411,131,,6c,salivary_gland_serous_cells,7,STLHQ_family
parenchyma,STLHQML,4.4891644,11.577411,131,,26a,skin_adipocytes,5,STLHQ_family
parenchyma,STLHQML,4.4891644,11.577411,131,,15a,spleen_white_pulp,20,STLHQ_family
parenchyma,STLHQML,4.4891644,11.577411,131,,15c,spleen_red_pulp,31,STLHQ_family
parenchyma,STLHQML,4.4891644,11.577411,131,,31a,testis_interstitial_cells_1,6,STLHQ_family
parenchyma,STLHQML,4.4891644,11.577411,131,,10b,thymus_dendritic_cells,3,STLHQ_family
parenchyma,STLHQML,4.4891644,11.577411,131,,10d,thymus_lymphoid_cells,6,STLHQ_family
parenchyma,STLHQML,4.4891644,11.577411,131,,10e,thymus_macrophages,6,STLHQ_family
parenchyma,STLHQML,4.4891644,11.577411,131,,19b,ureter_transitional_epithelial_cells,1,STLHQ_family
parenchyma,STLHQNL,4.342783,11.188692,131,,18a,adrenal_gland_zona_glomerulosa,13,STLHQ_family
parenchyma,STLHQNL,4.342783,11.188692,131,,18b,adrenal_gland_zona_reticularis,15,STLHQ_family
parenchyma,STLHQNL,4.342783,11.188692,131,,18c,adrenal_gland_zona_fasciculata,13,STLHQ_family
parenchyma,STLHQNL,4.342783,11.188692,131,,25b,appendix_mucosa_epithelial_cells,24,STLHQ_family
parenchyma,STLHQNL,4.342783,11.188692,131,,25d,appendix_lymph_nodes,5,STLHQ_family
parenchyma,STLHQNL,4.342783,11.188692,131,,1d,cerebrum_sn_neuron,15,STLHQ_family
parenchyma,STLHQNL,4.342783,11.188692,131,,1e,cerebrum_pvn_neuron,15,STLHQ_family
parenchyma,STLHQNL,4.342783,11.188692,131,,3j,cerebellum_4_5cb_medulla,3,STLHQ_family
parenchyma,STLHQNL,4.342783,11.188692,131,,3l,cerebellum_cortex_total,17,STLHQ_family
parenchyma,STLHQNL,4.342783,11.188692,131,,3g,cerebellum_purkinje_cells,2,STLHQ_family
parenchyma,STLHQNL,4.342783,11.188692,131,,3n,cerebellum_medulla_total,9,STLHQ_family
parenchyma,STLHQNL,4.342783,11.188692,131,,24b,colon_mucosa_epithelial_cells,46,STLHQ_family
parenchyma,STLHQNL,4.342783,11.188692,131,,17c,kidney_tubular epithelial cells,3,STLHQ_family
parenchyma,STLHQNL,4.342783,11.188692,131,,13a,liver_around_hepatocytes,25,STLHQ_family
parenchyma,STLHQNL,4.342783,11.188692,131,,13b,liver_bile_ductal_cells,8,STLHQ_family
parenchyma,STLHQNL,4.342783,11.188692,131,,13d,liver_capsule,1,STLHQ_family
parenchyma,STLHQNL,4.342783,11.188692,131,,13e,liver_kupffer_cells,22,STLHQ_family
parenchyma,STLHQNL,4.342783,11.188692,131,,8c,lung_tracheal_epithelial_cells,6,STLHQ_family
parenchyma,STLHQNL,4.342783,11.188692,131,,8f,lung_alveolar type 2 cells,15,STLHQ_family
parenchyma,STLHQNL,4.342783,11.188692,131,,34a,ovary_oocytes,1,STLHQ_family
parenchyma,STLHQNL,4.342783,11.188692,131,,34c,ovary_epithelial_cells,1,STLHQ_family
parenchyma,STLHQNL,4.342783,11.188692,131,,16b,pancreas_endocrine_cells,6,STLHQ_family
parenchyma,STLHQNL,4.342783,11.188692,131,,2a,anterior_pituitary_gland,21,STLHQ_family
parenchyma,STLHQNL,4.342783,11.188692,131,,32b,prostate_stromal_cells,7,STLHQ_family
parenchyma,STLHQNL,4.342783,11.188692,131,,32c,prostate_gland_cells,9,STLHQ_family
parenchyma,STLHQNL,4.342783,11.188692,131,,32d,prostate_smooth_muscle_cells,8,STLHQ_family
parenchyma,STLHQNL,4.342783,11.188692,131,,6c,salivary_gland_serous_cells,15,STLHQ_family
parenchyma,STLHQNL,4.342783,11.188692,131,,26a,skin_adipocytes,12,STLHQ_family
parenchyma,STLHQNL,4.342783,11.188692,131,,15a,spleen_white_pulp,65,STLHQ_family
parenchyma,STLHQNL,4.342783,11.188692,131,,15c,spleen_red_pulp,47,STLHQ_family
parenchyma,STLHQNL,4.342783,11.188692,131,,31a,testis_interstitial_cells_1,18,STLHQ_family
parenchyma,STLHQNL,4.342783,11.188692,131,,10b,thymus_dendritic_cells,6,STLHQ_family
parenchyma,STLHQNL,4.342783,11.188692,131,,10c,thymus_epithelial_cells,1,STLHQ_family
parenchyma,STLHQNL,4.342783,11.188692,131,,10d,thymus_lymphoid_cells,15,STLHQ_family
parenchyma,STLHQNL,4.342783,11.188692,131,,10e,thymus_macrophages,36,STLHQ_family
parenchyma,STLHQQL,4.8589497,11.28787,131,,18a,adrenal_gland_zona_glomerulosa,13,STLHQ_family
parenchyma,STLHQQL,4.8589497,11.28787,131,,18b,adrenal_gland_zona_reticularis,10,STLHQ_family
parenchyma,STLHQQL,4.8589497,11.28787,131,,18c,adrenal_gland_zona_fasciculata,5,STLHQ_family
parenchyma,STLHQQL,4.8589497,11.28787,131,,25b,appendix_mucosa_epithelial_cells,24,STLHQ_family
parenchyma,STLHQQL,4.8589497,11.28787,131,,25d,appendix_lymph_nodes,5,STLHQ_family
parenchyma,STLHQQL,4.8589497,11.28787,131,,1d,cerebrum_sn_neuron,13,STLHQ_family
parenchyma,STLHQQL,4.8589497,11.28787,131,,1e,cerebrum_pvn_neuron,14,STLHQ_family
parenchyma,STLHQQL,4.8589497,11.28787,131,,3j,cerebellum_4_5cb_medulla,2,STLHQ_family
parenchyma,STLHQQL,4.8589497,11.28787,131,,3d,cerebellum_fi_cortex,1,STLHQ_family
parenchyma,STLHQQL,4.8589497,11.28787,131,,3l,cerebellum_cortex_total,10,STLHQ_family
parenchyma,STLHQQL,4.8589497,11.28787,131,,3g,cerebellum_purkinje_cells,7,STLHQ_family
parenchyma,STLHQQL,4.8589497,11.28787,131,,3n,cerebellum_medulla_total,4,STLHQ_family
parenchyma,STLHQQL,4.8589497,11.28787,131,,24b,colon_mucosa_epithelial_cells,21,STLHQ_family
parenchyma,STLHQQL,4.8589497,11.28787,131,,14b,gallbladder_smooth_muscle_cells,5,STLHQ_family
parenchyma,STLHQQL,4.8589497,11.28787,131,,17a,kidney_glomerular_cells,1,STLHQ_family
parenchyma,STLHQQL,4.8589497,11.28787,131,,17c,kidney_tubular epithelial cells,2,STLHQ_family
parenchyma,STLHQQL,4.8589497,11.28787,131,,13a,liver_around_hepatocytes,18,STLHQ_family
parenchyma,STLHQQL,4.8589497,11.28787,131,,13b,liver_bile_ductal_cells,14,STLHQ_family
parenchyma,STLHQQL,4.8589497,11.28787,131,,13c,liver_hepatocytes,4,STLHQ_family
parenchyma,STLHQQL,4.8589497,11.28787,131,,13d,liver_capsule,9,STLHQ_family
parenchyma,STLHQQL,4.8589497,11.28787,131,,13e,liver_kupffer_cells,21,STLHQ_family
parenchyma,STLHQQL,4.8589497,11.28787,131,,8c,lung_tracheal_epithelial_cells,4,STLHQ_family
parenchyma,STLHQQL,4.8589497,11.28787,131,,8f,lung_alveolar type 2 cells,12,STLHQ_family
parenchyma,STLHQQL,4.8589497,11.28787,131,,34a,ovary_oocytes,1,STLHQ_family
parenchyma,STLHQQL,4.8589497,11.28787,131,,16b,pancreas_endocrine_cells,12,STLHQ_family
parenchyma,STLHQQL,4.8589497,11.28787,131,,2a,anterior_pituitary_gland,9,STLHQ_family
parenchyma,STLHQQL,4.8589497,11.28787,131,,2b,posterior_pituitary_gland,2,STLHQ_family
parenchyma,STLHQQL,4.8589497,11.28787,131,,32b,prostate_stromal_cells,5,STLHQ_family
parenchyma,STLHQQL,4.8589497,11.28787,131,,32c,prostate_gland_cells,10,STLHQ_family
parenchyma,STLHQQL,4.8589497,11.28787,131,,32d,prostate_smooth_muscle_cells,3,STLHQ_family
parenchyma,STLHQQL,4.8589497,11.28787,131,,6c,salivary_gland_serous_cells,10,STLHQ_family
parenchyma,STLHQQL,4.8589497,11.28787,131,,26a,skin_adipocytes,11,STLHQ_family
parenchyma,STLHQQL,4.8589497,11.28787,131,,23c,small_intestine_smooth_muscle_cells,1,STLHQ_family
parenchyma,STLHQQL,4.8589497,11.28787,131,,15a,spleen_white_pulp,45,STLHQ_family
parenchyma,STLHQQL,4.8589497,11.28787,131,,15c,spleen_red_pulp,44,STLHQ_family
parenchyma,STLHQQL,4.8589497,11.28787,131,,31a,testis_interstitial_cells_1,8,STLHQ_family
parenchyma,STLHQQL,4.8589497,11.28787,131,,31d,testis_sertoli_cells,1,STLHQ_family
parenchyma,STLHQQL,4.8589497,11.28787,131,,10b,thymus_dendritic_cells,4,STLHQ_family
parenchyma,STLHQQL,4.8589497,11.28787,131,,10d,thymus_lymphoid_cells,19,STLHQ_family
parenchyma,STLHQQL,4.8589497,11.28787,131,,10e,thymus_macrophages,22,STLHQ_family
parenchyma,STLHQQL,4.8589497,11.28787,131,,19a,ureter_adventitial_cells,4,STLHQ_family
parenchyma,STLHQQL,4.8589497,11.28787,131,,19b,ureter_transitional_epithelial_cells,2,STLHQ_family
parenchyma,STLHQQL,4.8589497,11.28787,131,,19c,ureter_smooth_muscle_cells,1,STLHQ_family
parenchyma,STLHQRL,4.688388,11.482953,131,,18a,adrenal_gland_zona_glomerulosa,66,STLHQ_family
parenchyma,STLHQRL,4.688388,11.482953,131,,18b,adrenal_gland_zona_reticularis,35,STLHQ_family
parenchyma,STLHQRL,4.688388,11.482953,131,,18c,adrenal_gland_zona_fasciculata,11,STLHQ_family
parenchyma,STLHQRL,4.688388,11.482953,131,,25b,appendix_mucosa_epithelial_cells,84,STLHQ_family
parenchyma,STLHQRL,4.688388,11.482953,131,,25d,appendix_lymph_nodes,23,STLHQ_family
parenchyma,STLHQRL,4.688388,11.482953,131,,1d,cerebrum_sn_neuron,28,STLHQ_family
parenchyma,STLHQRL,4.688388,11.482953,131,,1e,cerebrum_pvn_neuron,164,STLHQ_family
parenchyma,STLHQRL,4.688388,11.482953,131,,3b,cerebellum_3cb_cortex,1,STLHQ_family
parenchyma,STLHQRL,4.688388,11.482953,131,,3c,cerebellum_4_5cb_cortex,1,STLHQ_family
parenchyma,STLHQRL,4.688388,11.482953,131,,3j,cerebellum_4_5cb_medulla,10,STLHQ_family
parenchyma,STLHQRL,4.688388,11.482953,131,,3l,cerebellum_cortex_total,13,STLHQ_family
parenchyma,STLHQRL,4.688388,11.482953,131,,3g,cerebellum_purkinje_cells,20,STLHQ_family
parenchyma,STLHQRL,4.688388,11.482953,131,,3n,cerebellum_medulla_total,5,STLHQ_family
parenchyma,STLHQRL,4.688388,11.482953,131,,24b,colon_mucosa_epithelial_cells,72,STLHQ_family
parenchyma,STLHQRL,4.688388,11.482953,131,,14b,gallbladder_smooth_muscle_cells,1,STLHQ_family
parenchyma,STLHQRL,4.688388,11.482953,131,,17c,kidney_tubular epithelial cells,10,STLHQ_family
parenchyma,STLHQRL,4.688388,11.482953,131,,13a,liver_around_hepatocytes,37,STLHQ_family
parenchyma,STLHQRL,4.688388,11.482953,131,,13b,liver_bile_ductal_cells,15,STLHQ_family
parenchyma,STLHQRL,4.688388,11.482953,131,,13c,liver_hepatocytes,2,STLHQ_family
parenchyma,STLHQRL,4.688388,11.482953,131,,13d,liver_capsule,37,STLHQ_family
parenchyma,STLHQRL,4.688388,11.482953,131,,13e,liver_kupffer_cells,39,STLHQ_family
parenchyma,STLHQRL,4.688388,11.482953,131,,8c,lung_tracheal_epithelial_cells,37,STLHQ_family
parenchyma,STLHQRL,4.688388,11.482953,131,,8f,lung_alveolar type 2 cells,21,STLHQ_family
parenchyma,STLHQRL,4.688388,11.482953,131,,34c,ovary_epithelial_cells,3,STLHQ_family
parenchyma,STLHQRL,4.688388,11.482953,131,,16b,pancreas_endocrine_cells,31,STLHQ_family
parenchyma,STLHQRL,4.688388,11.482953,131,,2a,anterior_pituitary_gland,91,STLHQ_family
parenchyma,STLHQRL,4.688388,11.482953,131,,2b,posterior_pituitary_gland,1,STLHQ_family
parenchyma,STLHQRL,4.688388,11.482953,131,,32b,prostate_stromal_cells,10,STLHQ_family
parenchyma,STLHQRL,4.688388,11.482953,131,,32c,prostate_gland_cells,15,STLHQ_family
parenchyma,STLHQRL,4.688388,11.482953,131,,32d,prostate_smooth_muscle_cells,13,STLHQ_family
parenchyma,STLHQRL,4.688388,11.482953,131,,6c,salivary_gland_serous_cells,13,STLHQ_family
parenchyma,STLHQRL,4.688388,11.482953,131,,26a,skin_adipocytes,29,STLHQ_family
parenchyma,STLHQRL,4.688388,11.482953,131,,15a,spleen_white_pulp,207,STLHQ_family
parenchyma,STLHQRL,4.688388,11.482953,131,,15b,spleen_tubular_endothelial_cells_around_red_pulp,1,STLHQ_family
parenchyma,STLHQRL,4.688388,11.482953,131,,15c,spleen_red_pulp,193,STLHQ_family
parenchyma,STLHQRL,4.688388,11.482953,131,,22a,stomach_icc,1,STLHQ_family
parenchyma,STLHQRL,4.688388,11.482953,131,,31a,testis_interstitial_cells_1,95,STLHQ_family
parenchyma,STLHQRL,4.688388,11.482953,131,,10b,thymus_dendritic_cells,225,STLHQ_family
parenchyma,STLHQRL,4.688388,11.482953,131,,10d,thymus_lymphoid_cells,164,STLHQ_family
parenchyma,STLHQRL,4.688388,11.482953,131,,10e,thymus_macrophages,41,STLHQ_family
parenchyma,STLHQRL,4.688388,11.482953,131,,19a,ureter_adventitial_cells,6,STLHQ_family
parenchyma,STLHQRL,4.688388,11.482953,131,,19b,ureter_transitional_epithelial_cells,2,STLHQ_family
parenchyma,STLHQRL,4.688388,11.482953,131,,19c,ureter_smooth_muscle_cells,6,STLHQ_family
parenchyma,STLHQRL,4.688388,11.482953,131,,20b,urinary_bladder_smooth_muscle_cells,3,STLHQ_family
parenchyma,STLHQTL,4.519618,11.34408,131,,18a,adrenal_gland_zona_glomerulosa,6,STLHQ_family
parenchyma,STLHQTL,4.519618,11.34408,131,,18b,adrenal_gland_zona_reticularis,9,STLHQ_family
parenchyma,STLHQTL,4.519618,11.34408,131,,18c,adrenal_gland_zona_fasciculata,5,STLHQ_family
parenchyma,STLHQTL,4.519618,11.34408,131,,25b,appendix_mucosa_epithelial_cells,19,STLHQ_family
parenchyma,STLHQTL,4.519618,11.34408,131,,25d,appendix_lymph_nodes,3,STLHQ_family
parenchyma,STLHQTL,4.519618,11.34408,131,,1d,cerebrum_sn_neuron,9,STLHQ_family
parenchyma,STLHQTL,4.519618,11.34408,131,,1e,cerebrum_pvn_neuron,7,STLHQ_family
parenchyma,STLHQTL,4.519618,11.34408,131,,3l,cerebellum_cortex_total,6,STLHQ_family
parenchyma,STLHQTL,4.519618,11.34408,131,,3g,cerebellum_purkinje_cells,3,STLHQ_family
parenchyma,STLHQTL,4.519618,11.34408,131,,3n,cerebellum_medulla_total,5,STLHQ_family
parenchyma,STLHQTL,4.519618,11.34408,131,,24b,colon_mucosa_epithelial_cells,20,STLHQ_family
parenchyma,STLHQTL,4.519618,11.34408,131,,14b,gallbladder_smooth_muscle_cells,1,STLHQ_family
parenchyma,STLHQTL,4.519618,11.34408,131,,17c,kidney_tubular epithelial cells,8,STLHQ_family
parenchyma,STLHQTL,4.519618,11.34408,131,,13a,liver_around_hepatocytes,11,STLHQ_family
parenchyma,STLHQTL,4.519618,11.34408,131,,13b,liver_bile_ductal_cells,3,STLHQ_family
parenchyma,STLHQTL,4.519618,11.34408,131,,13c,liver_hepatocytes,1,STLHQ_family
parenchyma,STLHQTL,4.519618,11.34408,131,,13d,liver_capsule,2,STLHQ_family
parenchyma,STLHQTL,4.519618,11.34408,131,,13e,liver_kupffer_cells,11,STLHQ_family
parenchyma,STLHQTL,4.519618,11.34408,131,,8c,lung_tracheal_epithelial_cells,4,STLHQ_family
parenchyma,STLHQTL,4.519618,11.34408,131,,8f,lung_alveolar type 2 cells,9,STLHQ_family
parenchyma,STLHQTL,4.519618,11.34408,131,,16b,pancreas_endocrine_cells,7,STLHQ_family
parenchyma,STLHQTL,4.519618,11.34408,131,,2a,anterior_pituitary_gland,11,STLHQ_family
parenchyma,STLHQTL,4.519618,11.34408,131,,32b,prostate_stromal_cells,3,STLHQ_family
parenchyma,STLHQTL,4.519618,11.34408,131,,32c,prostate_gland_cells,8,STLHQ_family
parenchyma,STLHQTL,4.519618,11.34408,131,,32d,prostate_smooth_muscle_cells,6,STLHQ_family
parenchyma,STLHQTL,4.519618,11.34408,131,,6c,salivary_gland_serous_cells,4,STLHQ_family
parenchyma,STLHQTL,4.519618,11.34408,131,,26a,skin_adipocytes,6,STLHQ_family
parenchyma,STLHQTL,4.519618,11.34408,131,,15a,spleen_white_pulp,33,STLHQ_family
parenchyma,STLHQTL,4.519618,11.34408,131,,15c,spleen_red_pulp,21,STLHQ_family
parenchyma,STLHQTL,4.519618,11.34408,131,,31a,testis_interstitial_cells_1,6,STLHQ_family
parenchyma,STLHQTL,4.519618,11.34408,131,,10b,thymus_dendritic_cells,5,STLHQ_family
parenchyma,STLHQTL,4.519618,11.34408,131,,10d,thymus_lymphoid_cells,9,STLHQ_family
parenchyma,STLHQTL,4.519618,11.34408,131,,10e,thymus_macrophages,24,STLHQ_family
parenchyma,STLHQTL,4.519618,11.34408,131,,19a,ureter_adventitial_cells,1,STLHQ_family
parenchyma,STLHQTL,4.519618,11.34408,131,,19b,ureter_transitional_epithelial_cells,1,STLHQ_family
